Country Name,Country Code,total_tax_rate,time_hours,payments_per_year,tax_rate_score,time_score,payments_score,complexity_score,complexity_band
"Venezuela, RB",VEN,73.3,920.0,99.0,30.860113421550096,60.70341562394319,100.0,63.5,High
Brazil,BRA,65.1,1501.0,9.61,26.984877126654062,100.0,6.885416666666667,50.2,High
Sao Paulo,BRA_SAO,64.7,1501.0,10.0,26.79584120982987,100.0,7.291666666666667,50.2,High
Rio de Janeiro,BRA_RIO,65.7,1501.0,9.0,27.26843100189036,100.0,6.25,50.1,High
Bolivia,BOL,83.7,1025.0,42.0,35.77504725897921,67.80520798106188,40.625,50.0,High
Chad,TCD,63.5,834.0,54.0,26.22873345935728,54.88670950287454,53.125,45.8,Medium
Comoros,COM,219.6,100.0,33.0,100.0,5.24179912073047,31.25,41.5,Medium
Central African Republic,CAF,73.3,483.0,56.0,30.860113421550096,31.14643219479202,55.208333333333336,38.3,Medium
"Congo, Rep.",COG,54.3,602.0,50.0,21.880907372400756,39.195130199526545,48.958333333333336,36.9,Medium
Gabon,GAB,47.1,632.0,50.0,18.47826086956522,41.22421373013189,48.958333333333336,36.7,Medium
Equatorial Guinea,GNQ,79.4,492.0,46.0,33.742911153119096,31.75515725397362,44.791666666666664,36.3,Medium
Cameroon,CMR,57.7,624.0,44.0,23.487712665406427,40.68312478863713,42.708333333333336,36.1,Medium
Libya,LBY,32.6,889.0,19.0,11.625708884688091,58.606695975651,16.666666666666668,31.9,Medium
Senegal,SEN,44.8,416.0,53.0,17.391304347826086,26.61481230977342,52.083333333333336,31.5,Medium
"Congo, Dem. Rep.",COD,50.7,346.0,52.0,20.179584120982987,21.880284071694284,51.041666666666664,30.1,Medium
São Tomé and Principe,STP,37.0,424.0,46.0,13.705103969754253,27.155901251268176,44.791666666666664,28.4,Medium
Benin,BEN,48.9,270.0,54.0,19.328922495274103,16.739939127494083,53.125,28.4,Medium
Guinea,GIN,69.3,400.0,33.0,28.96975425330813,25.532634426783904,31.25,28.3,Medium
"Gambia, The",GMB,48.4,326.0,49.0,19.09262759924386,20.52756171795739,47.916666666666664,28.3,Medium
Nepal,NPL,41.8,377.0,46.0,15.973534971644611,23.977003719986474,44.791666666666664,27.8,Medium
Tanzania,TZA,43.8,207.0,59.0,16.918714555765593,12.47886371322286,58.333333333333336,27.6,Medium
Honduras,HND,39.1,203.0,59.0,14.697542533081286,12.208319242475483,58.333333333333336,26.8,Medium
Lagos,NGA_LAG,34.8,349.0,48.0,12.66540642722117,22.08319242475482,46.875,26.7,Medium
Nigeria,NGA,34.8,343.365,48.0,12.66540642722117,21.70206290158945,46.875,26.5,Medium
Kano,NGA_KAN,34.8,324.5,48.0,12.66540642722117,20.426107541427122,46.875,26.0,Medium
Antigua and Barbuda,ATG,43.0,177.0,57.0,16.5406427221172,10.449780182617518,56.25,26.0,Medium
Panama,PAN,37.2,408.0,36.0,13.799621928166355,26.07372336827866,34.375,24.9,Low
Nicaragua,NIC,60.6,201.0,43.0,24.858223062381853,12.073047007101792,41.666666666666664,24.8,Low
Burkina Faso,BFA,41.3,270.0,45.0,15.737240075614364,16.739939127494083,43.75,24.5,Low
Eritrea,ERI,83.7,216.0,30.0,35.77504725897921,13.087588772404464,28.125,24.4,Low
Mauritania,MRT,67.0,270.0,33.0,27.882797731569,16.739939127494083,31.25,24.4,Low
Zimbabwe,ZWE,31.6,242.0,51.0,11.1531190926276,14.846127832262429,50.0,24.3,Low
Chittagong,BGD_CHI,33.4,435.0,33.0,12.003780718336484,27.89989854582347,31.25,24.1,Low
Bangladesh,BGD,33.4,435.0,33.0,12.003780718336484,27.89989854582347,31.25,24.1,Low
Niger,NER,47.2,270.0,41.0,18.525519848771268,16.739939127494083,39.583333333333336,24.1,Low
Dhaka,BGD_DHA,33.4,435.0,33.0,12.003780718336484,27.89989854582347,31.25,24.1,Low
Guinea-Bissau,GNB,45.5,218.0,46.0,17.722117202268432,13.222861007778153,44.791666666666664,24.0,Low
Togo,TGO,48.2,159.0,49.0,18.99810964083176,9.232330064254311,47.916666666666664,23.8,Low
Argentina,ARG,106.3,311.5,9.0,46.455576559546316,19.54683801149814,6.25,23.6,Low
Mali,MLI,54.5,276.0,35.0,21.975425330812854,17.14575583361515,33.333333333333336,23.5,Low
Haiti,HTI,42.7,184.0,47.0,16.39886578449906,10.92323300642543,45.833333333333336,23.0,Low
Ecuador,ECU,34.4,664.0,8.0,12.476370510396976,43.388569496110925,5.208333333333333,22.7,Low
Ghana,GHA,55.4,226.0,36.0,22.400756143667298,13.763949949272911,34.375,22.5,Low
Algeria,DZA,66.1,265.0,27.0,27.45746691871455,16.40175853905986,25.0,22.3,Low
Papua New Guinea,PNG,37.1,207.0,45.0,13.752362948960302,12.47886371322286,43.75,22.2,Low
"Egypt, Arab Rep.",EGY,44.4,370.0,27.0,17.20226843100189,23.50355089617856,25.0,22.1,Low
Bosnia and Herzegovina,BIH,23.7,411.0,33.0,7.4196597353497165,26.276631721339196,31.25,22.1,Low
St. Kitts and Nevis,KNA,49.7,203.0,39.0,19.706994328922494,12.208319242475483,37.5,22.0,Low
Sudan,SDN,45.4,180.0,42.0,17.674858223062383,10.652688535678053,40.625,21.8,Low
Angola,AGO,49.1,287.0,31.0,19.4234404536862,17.889753128170444,29.166666666666668,21.7,Low
"Yemen, Rep.",YEM,26.6,248.0,44.0,8.790170132325143,15.251944538383496,42.708333333333336,21.6,Low
Sierra Leone,SLE,30.7,343.0,34.0,10.727788279773158,21.67737571863375,32.291666666666664,21.6,Low
Lao PDR,LAO,24.1,362.0,35.0,7.608695652173914,22.9624619546838,33.333333333333336,21.5,Low
Grenada,GRD,47.8,140.0,42.0,18.80907372400756,7.947243828204261,40.625,21.0,Low
Trinidad and Tobago,TTO,40.5,210.0,39.0,15.359168241965975,12.681772066283395,37.5,20.9,Low
Afghanistan,AFG,71.4,270.0,19.0,29.962192816635167,16.739939127494083,16.666666666666668,20.7,Low
Karachi,PAK_KAR,33.8,283.0,34.0,12.192816635160678,17.619208657423062,32.291666666666664,20.4,Low
Lahore,PAK_LAH,34.0,283.0,34.0,12.28733459357278,17.619208657423062,32.291666666666664,20.4,Low
Pakistan,PAK,33.9,283.0,34.0,12.24007561436673,17.619208657423062,32.291666666666664,20.4,Low
Fiji,FJI,32.1,247.0,38.0,11.389413988657845,15.184308420696652,36.458333333333336,20.4,Low
Albania,ALB,36.6,252.0,35.0,13.516068052930057,15.522489009130876,33.333333333333336,20.3,Low
Sri Lanka,LKA,55.2,129.0,36.0,22.3062381852552,7.203246533648969,34.375,19.9,Low
Ethiopia,ETH,37.7,300.0,29.0,14.0359168241966,18.769022658099423,27.083333333333332,19.8,Low
Guyana,GUY,30.6,256.0,35.0,10.680529300567109,15.793033479878256,33.333333333333336,19.5,Low
Mozambique,MOZ,36.1,200.0,37.0,13.279773156899811,12.005410889414948,35.416666666666664,19.4,Low
Myanmar,MMR,31.2,282.0,31.0,10.964083175803403,17.55157253973622,29.166666666666668,19.1,Low
South Sudan,SSD,31.4,210.0,37.0,11.0586011342155,12.681772066283395,35.416666666666664,19.0,Low
Serbia,SRB,36.6,225.5,33.0,13.516068052930057,13.73013189042949,31.25,18.9,Low
Syrian Arab Republic,SYR,42.7,336.0,20.0,16.39886578449906,21.203922894825837,17.708333333333332,18.7,Low
Paraguay,PRY,35.0,378.0,19.0,12.759924385633271,24.04463983767332,16.666666666666668,18.4,Low
Lesotho,LSO,13.6,327.0,32.0,2.6465028355387523,20.595197835644235,30.208333333333332,18.1,Low
Liberia,LBR,46.2,139.5,33.0,18.052930056710778,7.913425769360838,31.25,18.0,Low
Cambodia,KHM,23.1,173.0,40.0,7.136105860113423,10.179235711870138,38.541666666666664,17.8,Low
Malawi,MWI,34.5,169.0,35.0,12.523629489603024,9.90869124112276,33.333333333333336,17.7,Low
Samoa,WSM,19.3,224.0,37.0,5.3402646502835545,13.628677713899222,35.416666666666664,17.7,Low
Barbados,BRB,35.6,241.0,28.0,13.043478260869566,14.778491714575583,26.041666666666668,17.6,Low
Bulgaria,BGR,28.3,441.0,14.0,9.593572778827978,28.305715251944537,11.458333333333334,17.6,Low
Colombia,COL,71.2,255.5,10.0,29.86767485822306,15.759215421034833,7.291666666666667,17.5,Low
Maldives,MDV,30.2,390.5,17.0,10.491493383742911,24.890091308758876,14.583333333333334,17.5,Low
Côte d'Ivoire,CIV,50.1,187.0,25.0,19.896030245746694,11.126141359485965,22.916666666666668,17.3,Low
Puerto Rico,PRI,64.4,218.0,16.0,26.654064272211727,13.222861007778153,13.541666666666666,17.3,Low
Uganda,UGA,33.7,195.0,31.0,12.145557655954633,11.667230300980723,29.166666666666668,17.1,Low
Namibia,NAM,20.7,302.0,27.0,6.001890359168242,18.904294893473114,25.0,16.9,Low
Burundi,BDI,41.2,232.0,24.0,15.68998109640832,14.16976665539398,21.875,16.9,Low
Cabo Verde,CPV,37.5,180.0,30.0,13.9413988657845,10.652688535678053,28.125,16.9,Low
St. Vincent and the Grenadines,VCT,37.0,108.0,36.0,13.705103969754253,5.782888062225228,34.375,16.7,Low
Dominica,DMA,32.6,117.0,37.0,11.625708884688091,6.391613121406832,35.416666666666664,16.7,Low
Italy,ITA,59.1,238.0,14.0,24.149338374291116,14.575583361515049,11.458333333333334,16.5,Low
St. Lucia,LCA,34.7,110.0,35.0,12.618147448015126,5.918160297598918,33.333333333333336,16.2,Low
Suriname,SUR,27.9,199.0,30.0,9.40453686200378,11.937774771728103,28.125,16.0,Low
Eswatini,SWZ,35.8,122.0,33.0,13.137996219281662,6.729793709841055,31.25,16.0,Low
Tonga,TON,27.5,200.0,30.0,9.215500945179585,12.005410889414948,28.125,16.0,Low
"Micronesia, Fed. Sts.",FSM,60.5,128.0,21.0,24.810964083175804,7.135610415962124,18.75,15.9,Low
"Iran, Islamic Rep.",IRN,44.7,216.0,20.0,17.34404536862004,13.087588772404464,17.708333333333332,15.8,Low
Djibouti,DJI,37.9,76.0,35.0,14.130434782608695,3.6185322962461957,33.333333333333336,15.7,Low
Kyrgyz Republic,KGZ,29.0,220.0,26.0,9.924385633270322,13.358133243151842,23.958333333333332,15.5,Low
Tajikistan,TJK,67.3,224.0,7.0,28.024574669187146,13.628677713899222,4.166666666666667,15.1,Low
Dominican Republic,DOM,48.8,317.0,7.0,19.28166351606805,19.918836658775785,4.166666666666667,15.0,Low
Mumbai,IND_MUM,49.7,254.0,12.0,19.706994328922494,15.657761244504565,9.375,15.0,Low
Indonesia,IDN,30.1,191.0,26.0,10.444234404536862,11.396685830233345,23.958333333333332,14.9,Low
Jakarta,IDN_JAK,30.1,191.0,26.0,10.444234404536862,11.396685830233345,23.958333333333332,14.9,Low
Surabaya,IDN_SUR,30.1,191.0,26.0,10.444234404536862,11.396685830233345,23.958333333333332,14.9,Low
Vietnam,VNM,37.6,384.0,6.0,13.988657844990549,24.450456543794385,3.125,14.9,Low
Kenya,KEN,37.2,179.5,24.0,13.799621928166355,10.61887047683463,21.875,14.9,Low
Madagascar,MDG,38.3,183.0,23.0,14.319470699432891,10.855596888738587,20.833333333333332,14.9,Low
Iraq,IRQ,30.8,312.0,15.0,10.775047258979207,19.58065607034156,12.5,14.8,Low
Belize,BLZ,31.1,147.0,29.0,10.916824196597354,8.420696652012175,27.083333333333332,14.8,Low
Botswana,BWA,25.1,120.0,34.0,8.081285444234405,6.594521474467365,32.291666666666664,14.7,Low
India,IND,49.7,251.88,10.94,19.706994328922494,15.514372675008454,8.270833333333334,14.6,Low
Solomon Islands,SLB,32.0,80.0,34.0,11.342155009451796,3.8890767669935746,32.291666666666664,14.6,Low
Thailand,THA,29.5,229.0,21.0,10.160680529300567,13.966858302333446,18.75,14.3,Low
Poland,POL,40.8,334.0,7.0,15.50094517958412,21.068650659452146,4.166666666666667,14.3,Low
Delhi,IND_DEL,49.7,250.0,10.0,19.706994328922494,15.387216773757187,7.291666666666667,14.3,Low
Montenegro,MNE,22.2,300.0,18.0,6.71077504725898,18.769022658099423,15.625,14.2,Low
Ukraine,UKR,45.2,327.5,5.0,17.580340264650285,20.629015894487658,2.0833333333333335,14.2,Low
Uruguay,URY,41.8,163.0,20.0,15.973534971644611,9.502874535001691,17.708333333333332,13.9,Low
Hungary,HUN,37.9,277.0,11.0,14.130434782608695,17.213391951301997,8.333333333333334,13.6,Low
Mexico City,MEX_MEC,55.1,240.5,6.0,22.25897920604915,14.74467365573216,3.125,13.5,Low
Monterrey,MEX_MON,55.1,240.5,6.0,22.25897920604915,14.74467365573216,3.125,13.5,Low
Mexico,MEX,55.1,240.5,6.0,22.25897920604915,14.74467365573216,3.125,13.5,Low
Osaka,JPN_OSA,46.8,128.5,19.0,18.33648393194707,7.169428474805546,16.666666666666668,13.4,Low
Tokyo,JPN_TOK,46.7,128.5,19.0,18.289224952741023,7.169428474805546,16.666666666666668,13.4,Low
Japan,JPN,46.7,128.5,19.0,18.289224952741023,7.169428474805546,16.666666666666668,13.4,Low
Jamaica,JAM,35.1,268.0,11.0,12.80718336483932,16.60466689212039,8.333333333333334,13.0,Low
Lebanon,LBN,32.2,181.0,20.0,11.436672967863897,10.720324653364896,17.708333333333332,13.0,Low
Palau,PLW,76.6,52.0,11.0,32.41965973534971,1.995265471761921,8.333333333333334,13.0,Low
Seychelles,SYC,30.1,85.0,29.0,10.444234404536862,4.227257355427798,27.083333333333332,12.9,Low
West Bank and Gaza,PSE,15.3,174.0,28.0,3.4499054820415886,10.246871829556984,26.041666666666668,12.9,Low
Germany,DEU,48.8,218.0,9.0,19.28166351606805,13.222861007778153,6.25,12.9,Low
Costa Rica,CRI,58.3,151.0,10.0,23.771266540642724,8.691241122759553,7.291666666666667,12.8,Low
"Bahamas, The",BHS,33.8,155.0,20.0,12.192816635160678,8.961785593506933,17.708333333333332,12.6,Low
Czech Republic,CZE,46.1,230.0,8.0,18.005671077504726,14.034494420020291,5.208333333333333,12.6,Low
France,FRA,60.7,139.0,9.0,24.905482041587902,7.8796077105174165,6.25,12.5,Low
Greece,GRC,51.9,193.0,8.0,20.746691871455578,11.531958065607034,5.208333333333333,12.4,Low
Armenia,ARM,22.6,264.0,15.0,6.899810964083177,16.334122421373014,12.5,12.4,Low
Belgium,BEL,55.4,136.0,11.0,22.400756143667298,7.676699357456882,8.333333333333334,12.3,Low
Chile,CHL,34.0,296.0,7.0,12.28733459357278,18.498478187352045,4.166666666666667,12.3,Low
Tunisia,TUN,60.7,144.0,8.0,24.905482041587902,8.21778829895164,5.208333333333333,12.3,Low
Liechtenstein,LIE,21.6,49.0,34.0,6.427221172022685,1.7923571187013865,32.291666666666664,12.3,Low
Iceland,ISL,31.9,140.0,21.0,11.294896030245747,7.947243828204261,18.75,12.2,Low
Slovak Republic,SVK,49.7,192.0,8.0,19.706994328922494,11.464321947920189,5.208333333333333,12.1,Low
Peru,PER,36.8,260.0,8.0,13.610586011342154,16.063577950625636,5.208333333333333,12.1,Low
Philippines,PHL,43.1,171.0,13.0,16.58790170132325,10.04396347649645,10.416666666666666,12.1,Low
Shanghai,CHN_SHA,62.6,138.0,7.0,25.803402646502835,7.811971592830572,4.166666666666667,12.1,Low
Portugal,PRT,39.8,243.0,8.0,15.028355387523627,14.913763949949272,5.208333333333333,12.0,Low
"Taiwan, China",TWN,36.8,221.0,11.0,13.610586011342154,13.425769360838688,8.333333333333334,12.0,Low
Austria,AUT,51.4,131.0,12.0,20.51039697542533,7.3385187690226585,9.375,11.9,Low
Timor-Leste,TLS,17.3,234.0,18.0,4.395085066162571,14.305038890767669,15.625,11.7,Low
Belarus,BLR,53.3,170.0,7.0,21.408317580340267,9.976327358809604,4.166666666666667,11.7,Low
China,CHN,59.2,138.0,7.0,24.196597353497165,7.811971592830572,4.166666666666667,11.6,Low
Vanuatu,VUT,8.5,120.0,31.0,0.23629489603024575,6.594521474467365,29.166666666666668,11.5,Low
Guatemala,GTM,35.2,248.0,8.0,12.85444234404537,15.251944538383496,5.208333333333333,11.5,Low
Slovenia,SVN,31.0,233.0,10.0,10.869565217391305,14.237402773080825,7.291666666666667,11.1,Low
Beijing,CHN_BEI,55.1,138.0,7.0,22.25897920604915,7.811971592830572,4.166666666666667,11.1,Low
St. Petersburg,RUS_STP,46.2,159.0,9.0,18.052930056710778,9.232330064254311,6.25,11.0,Low
Russian Federation,RUS,46.2,159.0,9.0,18.052930056710778,9.232330064254311,6.25,11.0,Low
Marshall Islands,MHL,65.9,56.0,9.0,27.36294896030246,2.2658099425093,6.25,11.0,Low
New York,USA_NY,38.9,175.0,11.0,14.603024574669188,10.314507947243829,8.333333333333334,11.0,Low
Moscow,RUS_MOS,46.2,159.0,9.0,18.052930056710778,9.232330064254311,6.25,11.0,Low
Turkey,TUR,42.3,170.0,10.0,16.209829867674856,9.976327358809604,7.291666666666667,11.0,Low
Moldova,MDA,38.7,183.0,10.0,14.508506616257092,10.855596888738587,7.291666666666667,10.9,Low
Spain,ESP,47.0,143.0,9.0,18.43100189035917,8.150152181264795,6.25,10.7,Low
United States,USA,36.6,175.0,10.6,13.516068052930057,10.314507947243829,7.916666666666667,10.6,Low
Mongolia,MNG,25.7,134.0,19.0,8.3648393194707,7.541427122083192,16.666666666666668,10.5,Low
"Korea, Rep.",KOR,33.2,174.0,12.0,11.909262759924388,10.246871829556984,9.375,10.5,Low
Malaysia,MYS,38.7,174.0,9.0,14.508506616257092,10.246871829556984,6.25,10.3,Low
Australia,AUS,47.4,105.0,11.0,18.620037807183365,5.579979709164694,8.333333333333334,10.3,Low
Azerbaijan,AZE,40.7,159.0,9.0,15.453686200378074,9.232330064254311,6.25,10.2,Low
Los Angeles,USA_LA,33.2,175.0,10.0,11.909262759924388,10.314507947243829,7.291666666666667,9.9,Low
Kiribati,KIR,32.7,168.0,11.0,11.672967863894142,9.841055123435915,8.333333333333334,9.9,Low
Morocco,MAR,45.8,155.0,6.0,17.863894139886575,8.961785593506933,3.125,9.9,Low
Malta,MLT,44.0,139.0,8.0,17.013232514177695,7.8796077105174165,5.208333333333333,9.8,Low
Kazakhstan,KAZ,28.4,186.0,10.0,9.640831758034025,11.058505241799121,7.291666666666667,9.5,Low
Croatia,HRV,20.5,206.0,12.0,5.9073724007561434,12.411227595536015,9.375,9.5,Low
Latvia,LVA,38.1,168.5,7.0,14.224952741020795,9.874873182279337,4.166666666666667,9.5,Low
Sweden,SWE,49.1,122.0,6.0,19.4234404536862,6.729793709841055,3.125,9.5,Low
San Marino,SMR,36.2,52.0,18.0,13.327032136105863,1.995265471761921,15.625,9.5,Low
Uzbekistan,UZB,31.6,181.0,9.0,11.1531190926276,10.720324653364896,6.25,9.5,Low
Bhutan,BTN,35.3,52.0,18.0,12.901701323251416,1.995265471761921,15.625,9.4,Low
South Africa,ZAF,29.2,210.0,7.0,10.01890359168242,12.681772066283395,4.166666666666667,9.3,Low
El Salvador,SLV,36.4,168.0,7.0,13.42155009451796,9.841055123435915,4.166666666666667,9.2,Low
Netherlands,NLD,41.2,119.0,9.0,15.68998109640832,6.526885356780521,6.25,9.2,Low
Lithuania,LTU,42.6,95.0,10.0,16.351606805293006,4.903618532296246,7.291666666666667,9.1,Low
Israel,ISR,25.3,234.0,6.0,8.175803402646503,14.305038890767669,3.125,9.1,Low
Switzerland,CHE,28.8,63.0,19.0,9.829867674858223,2.7392627663172133,16.666666666666668,9.0,Low
Luxembourg,LUX,20.4,55.0,23.0,5.860113421550094,2.1981738248224554,20.833333333333332,8.9,Low
Romania,ROU,20.0,163.0,14.0,5.671077504725898,9.502874535001691,11.458333333333334,8.9,Low
Cyprus,CYP,22.4,119.5,16.0,6.805293005671077,6.560703415623943,13.541666666666666,8.7,Low
New Zealand,NZL,34.6,140.0,7.0,12.570888468809073,7.947243828204261,4.166666666666667,8.2,Low
Estonia,EST,47.8,50.0,8.0,18.80907372400756,1.8599932363882312,5.208333333333333,7.9,Low
Oman,OMN,27.4,68.0,15.0,9.168241965973534,3.0774433547514373,12.5,7.7,Low
United Kingdom,GBR,30.6,114.0,9.0,10.680529300567109,6.188704768346297,6.25,7.6,Low
Denmark,DNK,23.8,132.0,10.0,7.466918714555765,7.406154886709503,7.291666666666667,7.4,Low
Finland,FIN,36.6,90.0,8.0,13.516068052930057,4.5654379438620225,5.208333333333333,7.4,Low
Rwanda,RWA,33.2,90.5,9.0,11.909262759924388,4.599256002705444,6.25,7.3,Low
Zambia,ZMB,15.6,158.0,11.0,3.5916824196597354,9.164693946567468,8.333333333333334,7.2,Low
Jordan,JOR,28.6,96.5,9.0,9.735349716446125,5.005072708826513,6.25,6.8,Low
Canada,CAN,24.5,131.0,8.0,7.79773156899811,7.3385187690226585,5.208333333333333,6.8,Low
Mauritius,MUS,22.2,140.0,8.0,6.71077504725898,7.947243828204261,5.208333333333333,6.8,Low
Kosovo,XKX,15.2,153.5,10.0,3.4026465028355384,8.860331416976665,7.291666666666667,6.8,Low
Norway,NOR,36.2,79.0,5.0,13.327032136105863,3.8214406493067297,2.0833333333333335,6.2,Low
Georgia,GEO,9.9,216.0,5.0,0.897920604914934,13.087588772404464,2.0833333333333335,6.1,Low
Ireland,IRL,26.1,81.5,9.0,8.553875236294898,3.990530943523842,6.25,6.0,Low
Kuwait,KWT,13.0,98.0,12.0,2.3629489603024574,5.1065268853567805,9.375,5.6,Low
United Arab Emirates,ARE,15.9,158.0,5.0,3.7334593572778827,9.164693946567468,2.0833333333333335,5.4,Low
Saudi Arabia,SAU,15.7,152.0,4.0,3.638941398865784,8.758877240446399,1.0416666666666667,4.9,Low
North Macedonia,MKD,13.0,119.0,7.0,2.3629489603024574,6.526885356780521,4.166666666666667,4.6,Low
Singapore,SGP,21.0,64.0,5.0,6.14366729678639,2.8068988840040583,2.0833333333333335,3.6,Low
"Hong Kong, China",HKG,21.9,34.5,3.0,6.568998109640831,0.8116334122421373,0.0,2.3,Low
Brunei Darussalam,BRN,8.0,52.5,5.0,0.0,2.029083530605343,2.0833333333333335,1.4,Low
Qatar,QAT,11.3,41.0,4.0,1.5595463137996222,1.2512681772066283,1.0416666666666667,1.3,Low
Bahrain,BHR,13.8,22.5,3.0,2.741020793950851,0.0,0.0,0.8,Low
